{
    "loss": 0.23701682686805725,
    "accuracy": 0.9487179517745972
}